<?xml version="1.0" encoding="UTF-8" standalone="yes"?>
<addon id="repository.Moranable" name="Moranable's Repo" version="1.0" provider-name="Moranable">
	<extension point="xbmc.addon.repository" name="Global Entertainment repository">
		<info compressed="false">http://wolfpackcrew.co.uk/seeddata/moranrepo/files/addons.xml</info>
		<checksum>http://wolfpackcrew.co.uk/seeddata/moranrepo/files/addons.xml.md5</checksum>
		<datadir zip="true">http://wolfpackcrew.co.uk/seeddata/moranrepo/files/</datadir>
	</extension>
	<extension point="xbmc.addon.metadata">
		<summary></summary>
		<description></description>
		<platform>all</platform>
	</extension>
</addon>