<?xml version="1.0" encoding="UTF-8" standalone="yes"?>
<addon id="repository.lastship" name="Lastship Repository" version="1.0.2" provider-name="Lastship">
	<extension point="xbmc.addon.repository" name="Lastship Repository">
	<dir>
        <info compressed="false">https://github.com/lastship/Lastship-Repo/raw/master/addons.xml</info>
        <checksum>https://github.com/lastship/Lastship-Repo/raw/master/addons.xml.md5</checksum>
        <datadir zip="true">https://github.com/lastship/Lastship-Repo/raw/master/zips/</datadir>
	</dir>
    <dir>
		<info compressed="false">https://github.com/lastship/lastship-common/raw/master/addons.xml</info>
		<checksum>https://github.com/lastship/lastship-common/raw/master/addons.xml.md5</checksum>
		<datadir zip="true">https://github.com/lastship/lastship-common/raw/master/zips/</datadir>
    </dir>
	</extension>
	<extension point="xbmc.addon.metadata">
		<summary lang="en">Lastship Repository</summary>
		<description lang="en">Lastship Repository</description>
		<platform>all</platform>
		<forum>http://lastship.square7.ch/home</forum>
   	</extension>
</addon>
