<?xml version="1.0" encoding="UTF-8" standalone="yes"?>
<addon id="repository.xbmc-repo-agx" name="agx's XBMC Repo" version="1.0.3" provider-name="xbmc-repo-agx">
        <extension point="xbmc.addon.repository" name="agx's XBMC Repo">
                <info compressed="false">https://raw.githubusercontent.com/antigenx/xbmc-repo-agx/master/addons.xml</info>
                <checksum>https://raw.githubusercontent.com/antigenx/xbmc-repo-agx/master/addons.xml.md5</checksum>
                <datadir zip="true">https://raw.githubusercontent.com/antigenx/xbmc-repo-agx/master/</datadir>
        </extension>
        <extension point="xbmc.addon.metadata">
                <summary>XBMC Addons by agx</summary>
                <description>Addons by antigenx.</description>
                <disclaimer>The owners and submitters to this repository do not host or distribute any of the content displayed by these addons nor do they have any affiliation with the content providers.</disclaimer>
                <platform>all</platform>
        </extension>
</addon>
