<?xml version="1.0" encoding="UTF-8" standalone="yes"?>
<addon id="plugin.video.xstream" name="xStream" version="3.5.3" provider-name="xStream-Team">
 <requires>
   <import addon="xbmc.python"                 version="2.14.0"/>
   <import addon="repository.xstream"          version="1.1.1" />
   <import addon="script.module.urlresolver"   version="3.0.0"/>
   <import addon="script.module.metahandler"   version="1.0.0"/>
   <import addon="script.module.inputstreamhelper" version="0.3.3" optional="true"/>
 </requires>
 <extension point="xbmc.python.pluginsource" library="default.py">
   <provides>video</provides>
 </extension>
 <extension point="xbmc.addon.metadata">
   <summary lang="de">Watch xStream!</summary>
   <description lang="de">Mit diesem Addon kannst du auf alle angebotenen Streams verschiedenster deutschen Quellen zugreifen</description>
   <disclaimer lang="de">Die von diesem Addon dargestellten Inhalte werden von den Erstellern des Addons weder gehostet oder verbreitet, noch stehen die Ersteller in irgendeiner Beziehung zu den Content-Anbietern.</disclaimer>
   <summary lang="en">Watch xStream!</summary>
   <description lang="en">With this addon you can watch all the streams from various german sources</description>
   <disclaimer lang="en">The creators of this addon do not host or distribute any of the content displayed by the addon nor do they have any affiliation with the content providers.</disclaimer>
   <forum>http://lastship.square7.ch/home</forum>
   <source>https://github.com/lastship/plugin.video.xstream</source>
   <license>GNU GPLv3</license>
   <platform>all</platform>
   <news>
   xStream 3.5.3
    - [movie2k.sh] code cleanup
    - [tmovie.to] code cleanup
    - [kinoger.com] code cleanup
    - [alleserien.com] code cleanup
    - [Kindertube] code cleanup
    - [kinox] code cleanup
    - [moviedream.ws] Fix Search and next page usw
    - [filmpalast.to] Add Search filter
    - [kino.cx] Add Search filter and Fix Hoster
    - [HDFilme] optimize code
    - [HDKino.to] Add Year and optimize code
    - [kinostern.com] Add Search filter
    - [ddl.me] Add Search filter and optimize code
    - [watchbox.de] Add Search filter
    - [tmovie.to] Add Site
    - [streamit.ws] fix Serien
    - [xStream] Größe aller cover reduziert
    - [HDfilme] fix vip hoster
    - [View4U] neu geschrieben
    - [HDfilme] neu geschrieben
    - [flimmerstube] fix hoster tnx anonymous
    - [alleserien.com] Add Search filter
    - [cinenator] Add Search filter
    - [hd-streams.org] Add Search filter
    - [netzkino_de] Add Search filter
    - [kinox.one] fix hoster
    - [parser] add re.search
    - [Alleserien.com] Suche hinzugefügt
    - [Filmpalast] Fix
    - [moviestream] Add Seite
    - [Cinenator] Add Seite
    - [Movie2k AG] Fix Hoster and Search and Description
    - [Filmpalast.to] neu geschrieben
    - [HDFilme] Fix Thumbnails

   </news>
   <assets>
     <icon>icon.png</icon>
     <fanart>fanart.jpg</fanart>
     <screenshot>resources/art/screenshot-01.jpg</screenshot>
     <screenshot>resources/art/screenshot-02.jpg</screenshot>
   </assets>
 </extension>
</addon>
