<?xml version="1.0" encoding="UTF-8" standalone="yes"?>
<addon id="repository.scarecrow" name="[COLOR red]ScareCrow[/COLOR]" version="6.6.6" provider-name="scarecrow">
	<extension point="xbmc.addon.repository" name="ScareCrow">
	    <dir>
		    <info compressed="false">http://mahousecm.com/scarecrow/addons.xml</info>
		    <checksum>http://mahousecm.com/scarecrow/addons.xml.md5</checksum>
		    <datadir zip="true">http://mahousecm.com/scarecrow/source/</datadir>
		</dir>
        <dir>
		    <info compressed="false">http://mahousecm.com/night/zips/addons.xml</info>
		    <checksum>http://mahousecm.com/night/zips/addons.xml.md5</checksum>
		    <datadir zip="true">http://mahousecm.com/night/zips/</datadir>
		</dir>		
		<dir>
		    <info compressed="false">https://raw.githubusercontent.com/teamuniversal/scrapers/master/_modules4all/zips/addons.xml</info>
			<checksum>https://raw.githubusercontent.com/teamuniversal/scrapers/master/_modules4all/zips/addons.xml.md5</checksum>
			<datadir zip="true">https://raw.githubusercontent.com/teamuniversal/scrapers/master/_modules4all/zips/</datadir>
        </dir>
		<dir>
		    <info compressed="false">https://raw.githubusercontent.com/jsergio123/zips/master/addons.xml</info>
            <checksum>https://raw.githubusercontent.com/jsergio123/zips/master/addons.xml.md5</checksum>
            <datadir zip="true">https://raw.githubusercontent.com/jsergio123/zips/master/</datadir>
		</dir>	
		<dir>
		    <info compressed="false">https://github.com/tvaddonsco/tva-resolvers-repo/raw/master/addons.xml</info>
		    <checksum>https://github.com/tvaddonsco/tva-resolvers-repo/raw/master/addons.xml.md5</checksum>
		    <datadir zip="true">https://github.com/tvaddonsco/tva-resolvers-repo/raw/master/zips/</datadir>
        </dir>
		<dir minversion="15.0.0">
			<info compressed="true">https://github.com/mikesilvo164/repo.aeon.nox.silvo/raw/master/isengard/addons.xml</info>
			<checksum>https://github.com/mikesilvo164/repo.aeon.nox.silvo/raw/master/isengard/addons.xml.md5</checksum>
			<datadir zip="true">https://github.com/mikesilvo164/repo.aeon.nox.silvo/raw/master/isengard</datadir>
		</dir>
		<dir minversion="16.0.0">
			<info compressed="true">https://github.com/mikesilvo164/repo.aeon.nox.silvo/raw/master/jarvis/addons.xml</info>
			<checksum>https://github.com/mikesilvo164/repo.aeon.nox.silvo/raw/master/jarvis/addons.xml.md5</checksum>
			<datadir zip="true">https://github.com/mikesilvo164/repo.aeon.nox.silvo/raw/master/jarvis</datadir>
		</dir>
		<dir minversion="17.0.0">
			<info compressed="true">https://github.com/mikesilvo164/repo.aeon.nox.silvo/raw/master/krypton/addons.xml</info>
			<checksum>https://github.com/mikesilvo164/repo.aeon.nox.silvo/raw/master/krypton/addons.xml.md5</checksum>
			<datadir zip="true">https://github.com/mikesilvo164/repo.aeon.nox.silvo/raw/master/krypton</datadir>
		</dir>
		<dir minversion="17.9.0">
			<info compressed="true">https://github.com/mikesilvo164/repo.aeon.nox.silvo/raw/master/leia/addons.xml</info>
			<checksum>https://github.com/mikesilvo164/repo.aeon.nox.silvo/raw/master/leia/addons.xml.md5</checksum>
			<datadir zip="true">https://github.com/mikesilvo164/repo.aeon.nox.silvo/raw/master/leia</datadir>
		</dir>
	</extension>
	<extension point="xbmc.addon.metadata">
		<summary>scarecrow</summary>
		<description>scarecrow</description>
		<platform>all</platform>
	</extension>
</addon>

