<?xml version="1.0" encoding="UTF-8" standalone="yes"?>
<addon id="plugin.program.onenationportal" name="One Nation Portal" version="1.1.3" provider-name="OneNation">
  <requires>
    <import addon="xbmc.python" version="2.1.0"/>
  </requires>
  <extension point="xbmc.python.pluginsource" library="default.py">
    <provides>executable</provides>
  </extension>
  <extension point="xbmc.service" library="startup.py" start="startup" />
  <extension point="xbmc.addon.metadata">
    <summary lang="en">OneNation</summary>
    <description lang="en">The 'One Nation Portal' allows access to our Build and Apks along with various Maintenence options to enhance your user experience</description>
    <platform>all</platform>
  </extension>
</addon>
