<?xml version="1.0" encoding="UTF-8" standalone="yes"?>
<addon id="plugin.video.xnxx" name="XnXX" version="1.1" provider-name="Critter ">
  <requires>
    <import addon="xbmc.python" version="2.1.0"/>
	<import addon="script.module.addon.common" />
	<import addon="script.module.requests" />
  </requires>
  <extension point="xbmc.python.pluginsource" library="default.py">
		<provides>video</provides>
  </extension>
  <extension point="xbmc.addon.metadata">
	<summary lang="en">Videos from XnXX.com</summary>
	<description lang="en">This plugin contains Contents that should not be viewed by anyone under the age 18. By opening this plugin you agree that you take responsibility for your own actions.</description>
	<disclaimer lang="en">The original author neither hosts or stores any content, the original author has no affiliation with content hosts, it is the sole responsibility of the user to ensure they have permission to view any streams provided</disclaimer>
	<platform>all</platform>
  </extension>
</addon>
