<?xml version="1.0" encoding="UTF-8" standalone="yes"?>
<addon id="repository.jarvis" name="Team Jarvis" version="1.2.06" provider-name="Critter">
	<extension point="xbmc.addon.repository" name="Team Jarvis Repo">
		<dir>
  			<info compressed="false">http://teamuniversal.xyz/modules4all/addons.xml</info>
  			<checksum>http://teamuniversal.xyz/modules4all/addons.xml.md5</checksum>
  			<datadir zip="true">http://teamuniversal.xyz/modules4all/</datadir>
 		</dir>
		<dir>
			<info compressed="false">https://raw.githubusercontent.com/jsergio123/zips/master/addons.xml</info>
			<checksum>https://raw.githubusercontent.com/jsergio123/zips/master/addons.xml.md5</checksum>
			<datadir zip="true">https://raw.githubusercontent.com/jsergio123/zips/master/</datadir>
		</dir>
		<dir>
			<info compressed="false">https://raw.githubusercontent.com/totalrevolution/python-koding/master/zips/addons.xml</info>
			<checksum>https://raw.githubusercontent.com/totalrevolution/python-koding/master/zips/addons.xml.md5</checksum>
			<datadir zip="true">https://raw.githubusercontent.com/totalrevolution/python-koding/master/zips/</datadir>
		</dir>
		<info compressed="false">http://teamjarvis.srve.io/index.php/Plugins/addons.xml</info>
		<checksum>http://teamjarvis.srve.io/index.php/Plugins/addons.xml.md5</checksum>
		<datadir zip="true">http://teamjarvis.srve.io/index.php/Plugins/</datadir>
	</extension>
	<extension point="xbmc.addon.metadata">
		<summary>Your Team Jarvis </summary>
		<description>Team compilation everything Team Jarvis</description>
		<platform>all</platform>
	</extension>
</addon>

